start_id,end_id,type
Pandia,Zeus,father
Pasithea,Zeus,father
Thallo,Zeus,father
Thalia,Zeus,father
Hebe,Zeus,father
Hecate,Zeus,father
Zagreus,Zeus,father
Calligeneia,Zeus,father
Adrasteia,Zeus,father
Eirene,Zeus,father
Angelos,Zeus,father
Caerus,Zeus,father
Melinoe,Zeus,father
Athena,Zeus,father
Apollo,Zeus,father
Artemis,Zeus,father
Basileia,Zeus,father
Ares,Zeus,father
Dionysus,Zeus,father
Hephaestus,Zeus,father
Aglaea,Zeus,father
Persephone,Zeus,father
Dike,Zeus,father
Carpo,Zeus,father
Euphrosyne,Zeus,father
Astraea,Zeus,father
Enyo,Zeus,father
Atropos,Zeus,father
Auxo,Zeus,father
Clotho,Zeus,father
Britomartis,Zeus,father
Lachesis,Zeus,father
Eunomia,Zeus,father
Eileithyia,Zeus,father
Aphrodite Pandemos,Zeus,father
Aristaeus,Apollo,father
Asclepius,Apollo,father
Hymen,Apollo,father
Phobos,Ares,father
Deimos,Ares,father
Eros,Ares,father
Enyalius,Ares,father
Himeros,Ares,father
Adrestia,Ares,father
Anteros,Ares,father
Harmonia,Ares,father
Aeolus,Poseidon,father
Despoina,Poseidon,father
Phaunos,Poseidon,father
Benthesikyme,Poseidon,father
Zagreus,Hades,father
Staphylus,Dionysus,father
Pasithea,Dionysus,father
Phthonus,Dionysus,father
Hymen,Dionysus,father
Aphrodite,Zeus,father
Cadmilus,Hephaestus,father
Eucleia,Hephaestus,father
Philophrosyne,Hephaestus,father
Telesphorus,Asclepius,father
Hygieia,Asclepius,father
Aegle,Asclepius,father
Aceso,Asclepius,father
Panacea,Asclepius,father
Crotus,Pan,father
Circe,Helios,father
Phobetor,Hypnos,father
Morpheus,Hypnos,father
Phantasos,Hypnos,father
Ctesius,Soter,father
Eupraxia,Soter,father
Homonoia,Soter,father
Dike,Nomos,father
Pasithea,Hera,mother
Hebe,Hera,mother
Hecate,Hera,mother
Angelos,Hera,mother
Enyo,Hera,mother
Eileithyia,Hera,mother
Ares,Hera,mother
Hephaestus,Hera,mother
Philomelus,Demeter,mother
Despoina,Demeter,mother
Hecate,Demeter,mother
Calligeneia,Demeter,mother
Plutus,Demeter,mother
Dionysus,Demeter,mother
Persephone,Demeter,mother
Zagreus,Persephone,mother
Melinoe,Persephone,mother
Phobos,Aphrodite,mother
Deimos,Aphrodite,mother
Eros,Aphrodite,mother
Himeros,Aphrodite,mother
Phthonus,Aphrodite,mother
Pothos,Aphrodite,mother
Hermaphroditus,Aphrodite,mother
Adrestia,Aphrodite,mother
Hymen,Aphrodite,mother
Anteros,Aphrodite,mother
Harmonia,Aphrodite,mother
Hygieia,Athena,mother
Phosphorus,Eos,mother
Hesperus,Eos,mother
Astraea,Eos,mother
Benthesikyme,Amphitrite,mother
Eros,Iris,mother
Pothos,Iris,mother
Phaunos,Circe,mother
Circe,Hecate,mother
Pandia,Selene,mother
Limos,Eris,mother
Eros,Eris,mother
Adikia,Eris,mother
Neikea,Eris,mother
Algos,Eris,mother
Enyalius,Enyo,mother
Phantasos,Pasithea,mother
Homonoia,Praxidice,mother
Eros,Penia,mother
Selene,Basileia,mother
Morpheus,Aglaea,mother
Eucleia,Aglaea,mother
Philophrosyne,Aglaea,mother
Hera,Hades,sibling
Demeter,Hades,sibling
Poseidon,Hades,sibling
Hestia,Hades,sibling
Zeus,Hestia,sibling
Hera,Hestia,sibling
Demeter,Hestia,sibling
Poseidon,Hestia,sibling
Hades,Hestia,sibling
Eris,Ares,sibling
Hephaestus,Ares,sibling
Zeus,Poseidon,sibling
Hera,Poseidon,sibling
Demeter,Poseidon,sibling
Hades,Poseidon,sibling
Hestia,Poseidon,sibling
Zeus,Hades,sibling
Hera,Zeus,sibling
Demeter,Zeus,sibling
Poseidon,Zeus,sibling
Hades,Zeus,sibling
Hestia,Zeus,sibling
Artemis,Apollo,sibling
Zeus,Hera,sibling
Demeter,Hera,sibling
Poseidon,Hera,sibling
Hades,Hera,sibling
Hestia,Hera,sibling
Apollo,Artemis,sibling
Zeus,Demeter,sibling
Hera,Demeter,sibling
Poseidon,Demeter,sibling
Hades,Demeter,sibling
Hestia,Demeter,sibling
Phosphorus,Hesperus,sibling
Deimos,Phobos,sibling
Phobos,Deimos,sibling
Himeros,Eros,sibling
Pothos,Eros,sibling
Anteros,Eros,sibling
Helios,Selene,sibling
Eos,Selene,sibling
Selene,Helios,sibling
Eos,Helios,sibling
Ares,Eris,sibling
Zelus,Nike,sibling
Bia,Nike,sibling
Kratos,Nike,sibling
Telesphorus,Hygieia,sibling
Aegle,Hygieia,sibling
Aceso,Hygieia,sibling
Panacea,Hygieia,sibling
Selene,Eos,sibling
Helios,Eos,sibling
Nike,Zelus,sibling
Bia,Zelus,sibling
Kratos,Zelus,sibling
Dike,Eirene,sibling
Eunomia,Eirene,sibling
Nike,Bia,sibling
Zelus,Bia,sibling
Kratos,Bia,sibling
Nike,Kratos,sibling
Zelus,Kratos,sibling
Bia,Kratos,sibling
Eirene,Dike,sibling
Eunomia,Dike,sibling
Eros,Anteros,sibling
Himeros,Anteros,sibling
Pothos,Anteros,sibling
Telesphorus,Aceso,sibling
Hygieia,Aceso,sibling
Aegle,Aceso,sibling
Panacea,Aceso,sibling
Thallo,Carpo,sibling
Thalia,Euphrosyne,sibling
Aglaea,Euphrosyne,sibling
Clotho,Atropos,sibling
Lachesis,Atropos,sibling
Atropos,Clotho,sibling
Lachesis,Clotho,sibling
Telesphorus,Panacea,sibling
Hygieia,Panacea,sibling
Aegle,Panacea,sibling
Aceso,Panacea,sibling
Atropos,Lachesis,sibling
Clotho,Lachesis,sibling
Eirene,Eunomia,sibling
Dike,Eunomia,sibling
Persephone,Despoina,sibling
Hygieia,Telesphorus,sibling
Aegle,Telesphorus,sibling
Aceso,Telesphorus,sibling
Panacea,Telesphorus,sibling
Carpo,Thallo,sibling
Aglaea,Thalia,sibling
Euphrosyne,Thalia,sibling
Eros,Himeros,sibling
Pothos,Himeros,sibling
Anteros,Himeros,sibling
Eros,Pothos,sibling
Himeros,Pothos,sibling
Anteros,Pothos,sibling
Hesperus,Phosphorus,sibling
Philophrosyne,Eucleia,sibling
Eucleia,Philophrosyne,sibling
Telesphorus,Aegle,sibling
Hygieia,Aegle,sibling
Aceso,Aegle,sibling
Panacea,Aegle,sibling
Penia,Amechania,sibling
Amechania,Penia,sibling
Thalia,Aglaea,sibling
Euphrosyne,Aglaea,sibling
Zeus,Hera,spouse
Amphitrite,Poseidon,spouse
Persephone,Hades,spouse
Aphrodite,Hephaestus,spouse
Aglaea,Hephaestus,spouse
Hades,Persephone,spouse
Hera,Zeus,spouse
Ares,Aphrodite,spouse
Hephaestus,Aphrodite,spouse
Psyche,Eros,spouse
Poseidon,Amphitrite,spouse
Pasithea,Hypnos,spouse
Hypnos,Pasithea,spouse
Hephaestus,Aglaea,spouse
Aetna,Briareus,father
Eros,Zephyrus,father
Methone,Alcyoneus,father
Asterius,Anax,father
Hippolytos,Uranus,father
Anax,Uranus,father
Pallas,Uranus,father
Aristaeus,Uranus,father
Astraios,Uranus,father
Eurytos,Uranus,father
Hoplodamus,Uranus,father
Athos,Uranus,father
Cottus,Uranus,father
Otus,Uranus,father
Peloreus,Uranus,father
Colophonus,Tartarus,father
Corydon,Tartarus,father
Effra,Tartarus,father
Halie,Pontus,father
Enceladus,Uranus,father
Damysos,Uranus,father
Alpos,Uranus,father
Mimas,Uranus,father
Clytius,Uranus,father
Aura,Boreas,father
Hyrpace,Boreas,father
Thoosa,Phorcys,father
Polemos,Phorcys,father
Eurymedon,Uranus,father
Oceanus,Uranus,father
Tethys,Uranus,father
Typhon,Tartarus,father
Aphrodite,Uranus,father
Aegaeon,Uranus,father
Aetna,Uranus,father
Briareus,Uranus,father
Gyges,Uranus,father
Polybotes,Uranus,father
Ephialtes,Uranus,father
Porphyrion,Uranus,father
Glauce,Uranus,father
Gration,Uranus,father
Alcyoneus,Uranus,father
Nemesis,Erebos,father
Uranus,Chaos,father
Gaia,Chaos,father
Eros,Chaos,father
Erebos,Chaos,father
Nyx,Chaos,father
Eros,Erebos,father
Aether,Erebos,father
Uranus,Aether,father
Gaia,Aether,father
Eros,Aether,father
Chaos,Chronos,father
Enceladus,Tartarus,father
Emphytus,Tartarus,father
Hybris,Erebos,father
Thalassa,Aether,father
Phorcys,Pontus,father
Lycus,Pontus,father
Echidna,Phorcys,father
Cronus,Uranus,father
Mnemosyne,Uranus,father
Rhea,Uranus,father
Themis,Uranus,father
Hyperion,Uranus,father
Iapetos,Uranus,father
Coeus,Uranus,father
Phoebe,Uranus,father
Theia,Uranus,father
Kreios,Uranus,father
Dione,Uranus,father
Damon,Pontus,father
Geras,Erebos,father
Aergia,Aether,father
Nereus,Pontus,father
Ceto,Pontus,father
Thaumas,Pontus,father
Aegaeon,Pontus,father
Eurybia,Pontus,father
Ananke,Chronos,father
Chronos,Hydros,father
Ananke,Hydros,father
Pothos,Zephyrus,father
Echidna,Tartarus,father
Charon,Erebos,father
Eris,Erebos,father
Hypnos,Erebos,father
Hemera,Erebos,father
Thanatos,Erebos,father
Eleos,Erebos,father
Dolos,Aether,father
Dolor,Aether,father
Heimarmene,Uranus,father
Lyssa,Uranus,father
Basileia,Uranus,father
Momus,Erebos,father
Phantasos,Erebos,father
Moros,Erebos,father
Phthonus,Erebos,father
Epiphron,Erebos,father
Amicitia,Erebos,father
Aegina,Asopus,father
Io,Inachus,father
Eros,Porus,father
Alala,Polemos,father
Hypereia,Inachus,father
Asopis,Asopus,father
Ismenus,Asopus,father
Pitane,Eurotas,father
Daulis,Cephissus,father
Anchiroe,Erasinos,father
Telphusa,Termessus,father
Symaithis,Symaithos,father
Tricca,Peneus,father
Melite,Aegaeus,father
Samia,Meander,father
Diopatra,Spercheus,father
Castalia,Achelous,father
Callirhoe,Achelous,father
Cyane,Anapos,father
Corcyra,Asopus,father
Euboea,Asopus,father
Sinope,Asopus,father
Nemea,Asopus,father
Salamis,Asopus,father
Harpina,Asopus,father
Combe,Asopus,father
Pirene,Asopus,father
Chalcis,Asopus,father
Oeroe,Asopus,father
Ornea,Asopus,father
Plataea,Asopus,father
Thespia,Asopus,father
Thyia,Cephissus,father
Melaena,Cephissus,father
Astyoche,Simoeis,father
Hieromneme,Simoeis,father
Borysthenis,Borysthenes,father
Evadne,Strymon,father
Tereine,Strymon,father
Asterodeia,Phasis,father
Daphne,Ladon,father
Metope,Ladon,father
Thelpusa,Ladon,father
Alexirrhoe,Granicus,father
Pegasis,Granicus,father
Cnossia,Amnisus,father
Aganippe,Termessus,father
Eupheme,Termessus,father
Thisbe,Termessus,father
Abarbarea,Aesepus,father
Strophia,Ismenus,father
Dercetis,Ismenus,father
Ismenis,Ismenus,father
Minthe,Cocytus,father
Limnaee,Ganges,father
Polyxo,Nilus,father
Caliadne,Nilus,father
Anchiroe,Nilus,father
Chione,Nilus,father
Anippe,Nilus,father
Phoroneus,Inachus,father
Danais,Alpheus,father
Myrtoessa,Alpheus,father
Nana,Sangarius,father
Ocyrhoe,Sangarius,father
Daphne,Peneus,father
Orseis,Peneus,father
Stilbe,Peneus,father
Tiasa,Eurotas,father
Oenone,Cebren,father
Hesperia,Cebren,father
Castalia,Cephissus,father
Lilaea,Cephissus,father
Sagaritis,Sangarius,father
Dexithea,Damon,father
Rhesus of Thrace,Strymon,father
Syrinx,Ladon,father
Istrus,Oceanus,father
Cephissus,Oceanus,father
Euphrates,Oceanus,father
Kytheros,Oceanus,father
Pleistos,Oceanus,father
Ilissos,Oceanus,father
Amalthea,Oceanus,father
Nemesis,Oceanus,father
Metis,Oceanus,father
Zeuxo,Oceanus,father
Tyche,Oceanus,father
Philyra,Oceanus,father
Merope,Oceanus,father
Pleione,Oceanus,father
Styx,Oceanus,father
Eurynome,Oceanus,father
Asia,Oceanus,father
Peitho,Oceanus,father
Rhodos,Oceanus,father
Argeia,Oceanus,father
Plouto,Oceanus,father
Hesione,Oceanus,father
Doris,Oceanus,father
Beroe,Oceanus,father
Idothea,Oceanus,father
Klytia,Oceanus,father
Polydora,Oceanus,father
Asterope,Oceanus,father
Zeuxippe,Oceanus,father
Chryseis,Oceanus,father
Cisseis,Oceanus,father
Coryphe,Oceanus,father
Eudore,Oceanus,father
Plexaure,Oceanus,father
Ianire,Oceanus,father
Argie,Oceanus,father
Menestho,Oceanus,father
Melobosis,Oceanus,father
Ianthe,Oceanus,father
Kleio,Oceanus,father
Kretheis,Oceanus,father
Axius,Oceanus,father
Phyllis,Oceanus,father
Apidanus,Oceanus,father
Ardescus,Oceanus,father
Granicus,Oceanus,father
Chremetes,Oceanus,father
Calypso,Nereus,father
Amphitrite,Nereus,father
Beroe,Nereus,father
Anapos,Oceanus,father
Asopus,Oceanus,father
Crinisus,Oceanus,father
Nilus,Oceanus,father
Inachus,Oceanus,father
Clitumnus,Oceanus,father
Alpheus,Oceanus,father
Enipeus,Oceanus,father
Hermus,Oceanus,father
Chrysas,Oceanus,father
Scamander,Oceanus,father
Eridanos,Oceanus,father
Sangarius,Oceanus,father
Peneus,Oceanus,father
Cebren,Oceanus,father
Caicus,Oceanus,father
Clytie,Oceanus,father
Prymno,Oceanus,father
Callirhoe,Oceanus,father
Orseis,Oceanus,father
Creusa,Oceanus,father
Lysithea,Oceanus,father
Telesto,Oceanus,father
Perse,Oceanus,father
Electra,Oceanus,father
Thoe,Oceanus,father
Hippo,Oceanus,father
Amphiro,Oceanus,father
Eidyia,Oceanus,father
Phaeno,Oceanus,father
Xanthe,Oceanus,father
Meliboea,Oceanus,father
Pasithoe,Oceanus,father
Capheira,Oceanus,father
Galaxaura,Oceanus,father
Daeira,Oceanus,father
Acaste,Oceanus,father
Admete,Oceanus,father
Bolbe,Oceanus,father
Thrace,Oceanus,father
Europa,Oceanus,father
Evagore,Oceanus,father
Ephyra,Oceanus,father
Camarina,Oceanus,father
Cerceis,Oceanus,father
Plexaure,Nereus,father
Hydaspes,Oceanus,father
Hebrus,Oceanus,father
Acheron,Oceanus,father
Aegaeus,Oceanus,father
Aesar,Oceanus,father
Amnisus,Oceanus,father
Anaurus,Oceanus,father
Anigrus,Oceanus,father
Ascanius,Oceanus,father
Baphyras,Oceanus,father
Brychon,Oceanus,father
Elisson,Oceanus,father
Erasinos,Oceanus,father
Termessus,Oceanus,father
Aesepus,Oceanus,father
Symaithos,Oceanus,father
Ismenus,Oceanus,father
Evenus,Oceanus,father
Ganges,Oceanus,father
Pactolus,Oceanus,father
Nerites,Nereus,father
Idotea,Proteus,father
Briareus,Aegaeon,father
Ephyra,Nereus,father
Crataeis,Triton,father
Calliste,Triton,father
Periboea,Oceanus,father
Borysthenes,Oceanus,father
Haliacmon,Oceanus,father
Strymon,Oceanus,father
Bromie,Oceanus,father
Phasis,Oceanus,father
Ladon,Oceanus,father
Adrasteia,Oceanus,father
Asterion,Oceanus,father
Ceto,Oceanus,father
Aeas,Oceanus,father
Ocyrhoe,Oceanus,father
Dodone,Oceanus,father
Deino,Oceanus,father
Asterodeia,Oceanus,father
Klymene,Oceanus,father
Chariclo,Oceanus,father
Cladeus,Oceanus,father
Kydnos,Oceanus,father
Meander,Oceanus,father
Neda,Oceanus,father
Pamisus,Oceanus,father
Caanthus,Oceanus,father
Simoeis,Oceanus,father
Spercheus,Oceanus,father
Caystrus,Oceanus,father
Aethra,Oceanus,father
Leuce,Oceanus,father
Nephele,Oceanus,father
Thaleia,Nereus,father
Neaera,Nereus,father
Hydaspes,Thaumas,father
Orithyia,Nereus,father
Deiopea,Nereus,father
Glyce,Nereus,father
Cabeiro,Proteus,father
Iris,Thaumas,father
Arke,Thaumas,father
Tyche,Zeus,father
Aletheia,Zeus,father
Rhodos,Poseidon,father
Amalthea,Helios,father
Aegiale,Helios,father
Phaethusa,Helios,father
Lampetia,Helios,father
Hermes,Zeus,father
Heracles,Zeus,father
Perseus,Zeus,father
Ceroessa,Zeus,father
Thrassa,Ares,father
Cymopoleia,Poseidon,father
Nysa,Aristaeus,father
Macris,Aristaeus,father
Ersa,Zeus,father
Atë,Zeus,father
Scamander,Zeus,father
Amyrus,Poseidon,father
Thysa,Dionysus,father
Thalia,Hephaestus,father
Phasis,Helios,father
Aegle,Zeus,father
Mnemosyne,Zeus,father
Astris,Helios,father
Beroe,Adonis,father
Hamadryas,Oreius,father
Menoites,Keuthonymos,father
Chariclo,Apollo,father
Triton,Poseidon,father
Proteus,Poseidon,father
Charybdis,Poseidon,father
Glaucus,Poseidon,father
Caanthus,Poseidon,father
Apollonis,Apollo,father
Chrysus,Zeus,father
Eurymedon,Hephaestus,father
Phaethousa,Helios,father
Opus II,Zeus,father
Cephisso,Apollo,father
Angelia,Hermes,father
Tyche,Hermes,father
Calypso,Atlas,father
Epimetheus,Iapetos,father
Prometheus,Iapetos,father
Atlas,Iapetos,father
Leto,Coeus,father
Lelantos,Coeus,father
Poseidon,Cronus,father
Hestia,Cronus,father
Nike,Pallas,father
Chariclo,Perses,father
Aura,Lelantos,father
Taygete,Atlas,father
Menoetius,Iapetos,father
Anchiale,Iapetos,father
Asteria,Coeus,father
Euros,Astraeus,father
Notus,Astraeus,father
Caecias,Astraeus,father
Lips,Astraeus,father
Apeliotes,Astraeus,father
Sciron,Astraeus,father
Argestes,Astraeus,father
Astraeus,Kreios,father
Pallas,Kreios,father
Perses,Kreios,father
Phaenon,Astraeus,father
Pyroeis,Astraeus,father
Maia,Atlas,father
Merope,Atlas,father
Sterope,Atlas,father
Electra,Atlas,father
Zeus,Cronus,father
Hera,Cronus,father
Demeter,Cronus,father
Stilbon,Astraeus,father
Boreas,Astraeus,father
Zephyrus,Astraeus,father
Celaeno,Atlas,father
Alcyone,Atlas,father
Dioné,Atlas,father
Keltos,Heracles,father
Eucleia,Heracles,father
Coronis,Atlas,father
Hecate,Perses,father
Hades,Cronus,father
Pothos,Cronus,father
Aidos,Prometheus,father
Pan,Hermes,father
Hermaphroditus,Hermes,father
Selene,Hyperion,father
Helios,Hyperion,father
Eos,Hyperion,father
Zelus,Pallas,father
Bia,Pallas,father
Kratos,Pallas,father
Astraea,Astraeus,father
Prophasis,Epimetheus,father
Hesperus,Astraeus,father
Porphyrion,Zeus,killed by
Enceladus,Athena,killed by
Ephialtes,Apollo,killed by
Gration,Artemis,killed by
Polybotes,Poseidon,killed by
Alpos,Dionysus,killed by
Mimas,Hephaestus,killed by
Clytius,Hecate,killed by
Phoitos,Hera,killed by
Minthe,Persephone,killed by
Caanthus,Apollo,killed by
Minthe,Demeter,killed by
Pallas,Athena,killed by
Eurytos,Dionysus,killed by
Hippolytos,Hermes,killed by
Alcyoneus,Heracles,killed by
Athis,Perseus,killed by
Ephialtes,Heracles,killed by
Porphyrion,Heracles,killed by
Eurytos,Heracles,killed by
Tricca,Creusa,mother
Plataea,Metope,mother
Thespia,Metope,mother
Ismenus,Metope,mother
Chalcis,Metope,mother
Ornea,Metope,mother
Aegina,Metope,mother
Corcyra,Metope,mother
Chariclo,Stilbe,mother
Asopus,Celusa,mother
Daphne,Creusa,mother
Stilbe,Creusa,mother
Sinope,Metope,mother
Salamis,Metope,mother
Harpina,Metope,mother
Pirene,Metope,mother
Athis,Limnaee,mother
Athena,Coryphe,mother
Triton,Amphitrite,mother
Athena,Metis,mother
Calypso,Pleione,mother
Taygete,Pleione,mother
Maia,Pleione,mother
Rhodos,Amphitrite,mother
Adrasteia,Amalthea,mother
Cymopoleia,Amphitrite,mother
Porus,Metis,mother
Celaeno,Pleione,mother
Merope,Pleione,mother
Sterope,Pleione,mother
Alcyone,Pleione,mother
Electra,Pleione,mother
Beroe,Doris,mother
Scamander,Doris,mother
Thaleia,Doris,mother
Neaera,Doris,mother
Nerites,Doris,mother
Ephyra,Doris,mother
Orithyia,Doris,mother
Deiopea,Doris,mother
Plexaure,Doris,mother
Chione,Callirhoe,mother
Asopus,Eurynome,mother
Nike,Styx,mother
Calypso,Doris,mother
Amphitrite,Doris,mother
Hydaspes,Electra,mother
Persephone,Styx,mother
Echidna,Styx,mother
Echidna,Callirhoe,mother
Iris,Electra,mother
Zelus,Styx,mother
Bia,Styx,mother
Kratos,Styx,mother
Euphrosyne,Eurynome,mother
Pasithea,Eurynome,mother
Thalia,Eurynome,mother
Aglaea,Eurynome,mother
Morea,Hamadryas,mother
Pan,Penelope,mother
Ampelus,Hamadryas,mother
Q21286562,Hamadryas,mother
Aigeiros,Hamadryas,mother
Syke,Hamadryas,mother
Kraneia,Hamadryas,mother
Balanus,Hamadryas,mother
Carya,Hamadryas,mother
Ptelea,Hamadryas,mother
Circe,Perse,mother
Hippolytos,Gaia,mother
Anax,Gaia,mother
Pallas,Gaia,mother
Aristaeus,Gaia,mother
Astraios,Gaia,mother
Damasen,Gaia,mother
Eurytos,Gaia,mother
Hoplodamus,Gaia,mother
Athos,Gaia,mother
Cottus,Gaia,mother
Otus,Gaia,mother
Peloreus,Gaia,mother
Colophonus,Gaia,mother
Corydon,Gaia,mother
Effra,Gaia,mother
Halie,Thalassa,mother
Ourea,Gaia,mother
Scotus,Gaia,mother
Uranus,Gaia,mother
Eurymedon,Gaia,mother
Typhon,Gaia,mother
Nereus,Gaia,mother
Pontus,Gaia,mother
Charybdis,Gaia,mother
Oceanus,Gaia,mother
Tethys,Gaia,mother
Daphne,Gaia,mother
Phorcys,Gaia,mother
Ceto,Gaia,mother
Thaumas,Gaia,mother
Aegaeon,Gaia,mother
Eurybia,Gaia,mother
Eros,Nyx,mother
Aether,Nyx,mother
Chaos,Ananke,mother
Alcyoneus,Gaia,mother
Enceladus,Gaia,mother
Damysos,Gaia,mother
Alpos,Gaia,mother
Mimas,Gaia,mother
Clytius,Gaia,mother
Polybotes,Gaia,mother
Ephialtes,Gaia,mother
Emphytus,Gaia,mother
Porphyrion,Gaia,mother
Gration,Gaia,mother
Achlys,Nyx,mother
Hybris,Nyx,mother
Cronus,Gaia,mother
Mnemosyne,Gaia,mother
Rhea,Gaia,mother
Themis,Gaia,mother
Hyperion,Gaia,mother
Iapetos,Gaia,mother
Coeus,Gaia,mother
Phoebe,Gaia,mother
Theia,Gaia,mother
Kreios,Gaia,mother
Dione,Gaia,mother
Glauce,Gaia,mother
Pheme,Gaia,mother
Aergia,Gaia,mother
Andes,Gaia,mother
Geras,Nyx,mother
Oizys,Nyx,mother
Lycus,Thalassa,mother
Damon,Thalassa,mother
Aetna,Gaia,mother
Briareus,Gaia,mother
Gyges,Gaia,mother
Creusa,Gaia,mother
Nemesis,Nyx,mother
Aegaeon,Thalassa,mother
Apate,Nyx,mother
Philotes,Nyx,mother
Arke,Electra,mother
Echidna,Gaia,mother
Charon,Nyx,mother
Eris,Nyx,mother
Hypnos,Nyx,mother
Hemera,Nyx,mother
Morpheus,Nyx,mother
Thanatos,Nyx,mother
Eleos,Nyx,mother
Elpis,Nyx,mother
Epiphron,Nyx,mother
Kakia,Nyx,mother
Amicitia,Nyx,mother
Momus,Nyx,mother
Atropos,Nyx,mother
Clotho,Nyx,mother
Lachesis,Nyx,mother
Phantasos,Nyx,mother
Moros,Nyx,mother
Lyssa,Nyx,mother
Phobetor,Nyx,mother
Dolos,Nyx,mother
Phthonus,Nyx,mother
Adrasteia,Ananke,mother
Dolos,Gaia,mother
Basileia,Gaia,mother
Acmon,Gaia,mother
Dolor,Gaia,mother
Pan,Hybris,mother
Hermes,Maia,mother
Corus,Hybris,mother
Dike,Eusebia,mother
Anaurus,Tethys,mother
Anigrus,Tethys,mother
Ascanius,Tethys,mother
Baphyras,Tethys,mother
Brychon,Tethys,mother
Elisson,Tethys,mother
Erasinos,Tethys,mother
Termessus,Tethys,mother
Istrus,Tethys,mother
Aesepus,Tethys,mother
Symaithos,Tethys,mother
Cephissus,Tethys,mother
Ismenus,Tethys,mother
Evenus,Tethys,mother
Euphrates,Tethys,mother
Ganges,Tethys,mother
Pactolus,Tethys,mother
Calypso,Tethys,mother
Amalthea,Tethys,mother
Nemesis,Tethys,mother
Metis,Tethys,mother
Zeuxo,Tethys,mother
Tyche,Tethys,mother
Philyra,Tethys,mother
Pleione,Tethys,mother
Styx,Tethys,mother
Eurynome,Tethys,mother
Asia,Tethys,mother
Peitho,Tethys,mother
Rhodos,Tethys,mother
Argeia,Tethys,mother
Plouto,Tethys,mother
Hesione,Tethys,mother
Doris,Tethys,mother
Beroe,Tethys,mother
Clytie,Tethys,mother
Prymno,Tethys,mother
Callirhoe,Tethys,mother
Lysithea,Tethys,mother
Telesto,Tethys,mother
Electra,Tethys,mother
Thoe,Tethys,mother
Hippo,Tethys,mother
Amphiro,Tethys,mother
Eidyia,Tethys,mother
Xanthe,Tethys,mother
Pasithoe,Tethys,mother
Capheira,Tethys,mother
Galaxaura,Tethys,mother
Klytia,Tethys,mother
Asterope,Tethys,mother
Zeuxippe,Tethys,mother
Chryseis,Tethys,mother
Coryphe,Tethys,mother
Dodone,Tethys,mother
Eudore,Tethys,mother
Plexaure,Tethys,mother
Kretheis,Tethys,mother
Kytheros,Tethys,mother
Pleistos,Tethys,mother
Ilissos,Tethys,mother
Anapos,Tethys,mother
Asopus,Tethys,mother
Crinisus,Tethys,mother
Nilus,Tethys,mother
Inachus,Tethys,mother
Clitumnus,Tethys,mother
Alpheus,Tethys,mother
Enipeus,Tethys,mother
Hermus,Tethys,mother
Scamander,Tethys,mother
Eridanos,Tethys,mother
Sangarius,Tethys,mother
Peneus,Tethys,mother
Cebren,Tethys,mother
Caicus,Tethys,mother
Cladeus,Tethys,mother
Kydnos,Tethys,mother
Meander,Tethys,mother
Simoeis,Tethys,mother
Spercheus,Tethys,mother
Caystrus,Tethys,mother
Borysthenes,Tethys,mother
Haliacmon,Tethys,mother
Strymon,Tethys,mother
Phasis,Tethys,mother
Ladon,Tethys,mother
Asterion,Tethys,mother
Axius,Tethys,mother
Aeas,Tethys,mother
Phyllis,Tethys,mother
Apidanus,Tethys,mother
Ardescus,Tethys,mother
Granicus,Tethys,mother
Chremetes,Tethys,mother
Hydaspes,Tethys,mother
Hebrus,Tethys,mother
Aegaeus,Tethys,mother
Aesar,Tethys,mother
Amnisus,Tethys,mother
Aura,Orithyia,mother
Daeira,Tethys,mother
Acaste,Tethys,mother
Admete,Tethys,mother
Bolbe,Tethys,mother
Thrace,Tethys,mother
Europa,Tethys,mother
Evagore,Tethys,mother
Ephyra,Tethys,mother
Camarina,Tethys,mother
Cerceis,Tethys,mother
Ianire,Tethys,mother
Argie,Tethys,mother
Menestho,Tethys,mother
Melobosis,Tethys,mother
Ianthe,Tethys,mother
Kleio,Tethys,mother
Astraeus,Eurybia,mother
Pallas,Eurybia,mother
Perses,Eurybia,mother
Aethra,Tethys,mother
Asterodeia,Tethys,mother
Klymene,Tethys,mother
Caanthus,Tethys,mother
Periboea,Tethys,mother
Ceto,Tethys,mother
Ocyrhoe,Tethys,mother
Thoosa,Ceto,mother
Echidna,Ceto,mother
Tyche,Aphrodite,mother
Peitho,Aphrodite,mother
Rhodos,Aphrodite,mother
Prometheus,Klymene,mother
Atlas,Klymene,mother
Aegiale,Klymene,mother
Phaethusa,Klymene,mother
Lampetia,Klymene,mother
Phaethusa,Neaera,mother
Lampetia,Neaera,mother
Britomartis,Carme,mother
Thrassa,Tereine,mother
Aura,Periboea,mother
Rhodos,Halie,mother
Crotus,Eupheme,mother
Scylla,Crataeis,mother
Achelous,Nais,mother
Pan,Callisto,mother
Dioné,Aethra,mother
Helle,Nephele,mother
Nemea,Selene,mother
Lethe,Eris,mother
Boreas,Eos,mother
Zephyrus,Eos,mother
Euros,Eos,mother
Notus,Eos,mother
Caecias,Eos,mother
Lips,Eos,mother
Apeliotes,Eos,mother
Ponos,Eris,mother
Atë,Eris,mother
Dysnomia,Eris,mother
Thalassa,Hemera,mother
Glaucus,Alcyone,mother
Phoroneus,Melia,mother
Epimetheus,Klymene,mother
Astris,Klymene,mother
Carystus,Chariclo,mother
Eurymedon,Cabeiro,mother
Astris,Ceto,mother
Crataeis,Hecate,mother
Menai,Selene,mother
Algea,Eris,mother
Stilbon,Eos,mother
Uranus,Hemera,mother
Gaia,Hemera,mother
Ceroessa,Io,mother
Coronis,Aethra,mother
Menoetius,Klymene,mother
Hybris,Dyssebeia,mother
Beroe,Aphrodite,mother
Scylla,Hecate,mother
Ersa,Selene,mother
Phaenon,Eos,mother
Pyroeis,Eos,mother
Sciron,Eos,mother
Argestes,Eos,mother
Ersa,Eos,mother
Agave,Harmonia,mother
Aegle,Lampetia,mother
Cadmilus,Cabeiro,mother
Leto,Phoebe,mother
Lelantos,Phoebe,mother
Poseidon,Rhea,mother
Hestia,Rhea,mother
Dike,Themis,mother
Menoetius,Themis,mother
Apollo,Leto,mother
Zeus,Rhea,mother
Hera,Rhea,mother
Demeter,Rhea,mother
Asteria,Phoebe,mother
Aphrodite,Dione,mother
Artemis,Leto,mother
Kydnos,Anchiale,mother
Selene,Theia,mother
Helios,Theia,mother
Eos,Theia,mother
Hecate,Asteria,mother
Hades,Rhea,mother
Eirene,Themis,mother
Carpo,Themis,mother
Astraea,Themis,mother
Atropos,Themis,mother
Auxo,Themis,mother
Clotho,Themis,mother
Lachesis,Themis,mother
Eunomia,Themis,mother
Thallo,Themis,mother
Adrasteia,Themis,mother
Aphrodite Pandemos,Dione,mother
Cottus,Briareus,sibling
Cottus,Gyges,sibling
Chione,Polyxo,sibling
Gyges,Briareus,sibling
Briareus,Gyges,sibling
Briareus,Cottus,sibling
Gyges,Cottus,sibling
Chione,Caliadne,sibling
Chione,Anchiroe,sibling
Chione,Anippe,sibling
Triton,Rhodos,sibling
Zephyrus,Boreas,sibling
Boreas,Zephyrus,sibling
Boreas,Euros,sibling
Zephyrus,Euros,sibling
Boreas,Notus,sibling
Zephyrus,Notus,sibling
Euros,Boreas,sibling
Notus,Boreas,sibling
Euros,Zephyrus,sibling
Notus,Zephyrus,sibling
Notus,Euros,sibling
Euros,Notus,sibling
Ourea,Uranus,sibling
Pontus,Uranus,sibling
Eros,Gaia,sibling
Nyx,Gaia,sibling
Nyx,Tartarus,sibling
Gaia,Eros,sibling
Erebos,Eros,sibling
Nyx,Eros,sibling
Eros,Erebos,sibling
Nyx,Erebos,sibling
Gaia,Nyx,sibling
Tartarus,Nyx,sibling
Eros,Nyx,sibling
Erebos,Nyx,sibling
Uranus,Pontus,sibling
Uranus,Ourea,sibling
Hemera,Aether,sibling
Ponos,Lethe,sibling
Atë,Lethe,sibling
Enyo,Polemos,sibling
Benthesikyme,Triton,sibling
Cronus,Oceanus,sibling
Rhea,Oceanus,sibling
Themis,Oceanus,sibling
Hyperion,Oceanus,sibling
Iapetos,Oceanus,sibling
Tethys,Oceanus,sibling
Theia,Oceanus,sibling
Rhodos,Triton,sibling
Oceanus,Tethys,sibling
Triton,Benthesikyme,sibling
Cabeiro,Idotea,sibling
Melia,Caanthus,sibling
Cronus,Tethys,sibling
Rhea,Tethys,sibling
Themis,Tethys,sibling
Hyperion,Tethys,sibling
Iapetos,Tethys,sibling
Theia,Tethys,sibling
Pandia,Ersa,sibling
Lampetia,Phaethusa,sibling
Phaethusa,Lampetia,sibling
Idotea,Cabeiro,sibling
Idaea,Adrasteia,sibling
Perses,Circe,sibling
Atë,Neikea,sibling
Ponos,Algos,sibling
Ponos,Limos,sibling
Atë,Limos,sibling
Atë,Dolor,sibling
Adrasteia,Ida,sibling
Ida,Adrasteia,sibling
Aether,Hemera,sibling
Caanthus,Melia,sibling
Polemos,Enyo,sibling
Ersa,Pandia,sibling
Atë,Pseudea,sibling
Atë,Ponos,sibling
Lethe,Ponos,sibling
Atë,Dysnomia,sibling
Algos,Ponos,sibling
Limos,Ponos,sibling
Oceanus,Hyperion,sibling
Tethys,Hyperion,sibling
Oceanus,Iapetos,sibling
Tethys,Iapetos,sibling
Prometheus,Epimetheus,sibling
Atlas,Epimetheus,sibling
Rhea,Cronus,sibling
Themis,Cronus,sibling
Oceanus,Cronus,sibling
Hyperion,Cronus,sibling
Iapetos,Cronus,sibling
Tethys,Cronus,sibling
Theia,Cronus,sibling
Atlas,Prometheus,sibling
Oceanus,Rhea,sibling
Hyperion,Rhea,sibling
Iapetos,Rhea,sibling
Tethys,Rhea,sibling
Theia,Rhea,sibling
Oceanus,Themis,sibling
Tethys,Themis,sibling
Cronus,Theia,sibling
Rhea,Theia,sibling
Themis,Theia,sibling
Oceanus,Theia,sibling
Hyperion,Theia,sibling
Iapetos,Theia,sibling
Tethys,Theia,sibling
Pallas,Astraeus,sibling
Perses,Astraeus,sibling
Astraeus,Pallas,sibling
Perses,Pallas,sibling
Astraeus,Perses,sibling
Pallas,Perses,sibling
Prometheus,Menoetius,sibling
Atlas,Menoetius,sibling
Leto,Asteria,sibling
Cronus,Rhea,sibling
Themis,Rhea,sibling
Epimetheus,Atlas,sibling
Prometheus,Atlas,sibling
Menoetius,Epimetheus,sibling
Menoetius,Prometheus,sibling
Asteria,Leto,sibling
Menoetius,Atlas,sibling
Hyperion,Themis,sibling
Iapetos,Themis,sibling
Theia,Themis,sibling
Iapetos,Hyperion,sibling
Theia,Hyperion,sibling
Epimetheus,Prometheus,sibling
Cronus,Themis,sibling
Rhea,Themis,sibling
Cronus,Hyperion,sibling
Rhea,Hyperion,sibling
Cronus,Iapetos,sibling
Rhea,Iapetos,sibling
Hyperion,Iapetos,sibling
Theia,Iapetos,sibling
Themis,Hyperion,sibling
Themis,Iapetos,sibling
Epimetheus,Menoetius,sibling
Circe,Perses,sibling
Phoebe,Atlantia,sibling
Cymopoleia,Briareus,spouse
Peneus,Creusa,spouse
Asopus,Metope,spouse
Helios,Aegle,spouse
Zeus,Metis,spouse
Atlas,Pleione,spouse
Inachus,Argeia,spouse
Hermes,Daeira,spouse
Pallas,Styx,spouse
Nereus,Doris,spouse
Thaumas,Electra,spouse
Prometheus,Pronoia,spouse
Helios,Rhodos,spouse
Echidna,Typhon,spouse
Iris,Zephyrus,spouse
Hydros,Gaia,spouse
Orithyia,Boreas,spouse
Gaia,Uranus,spouse
Uranus,Gaia,spouse
Tartarus,Gaia,spouse
Gaia,Tartarus,spouse
Nyx,Erebos,spouse
Erebos,Nyx,spouse
Chloris,Zephyrus,spouse
Ceto,Phorcys,spouse
Ananke,Chronos,spouse
Hydros,Thesis,spouse
Thesis,Hydros,spouse
Hemera,Aether,spouse
Hybris,Polemos,spouse
Laodice,Phoroneus,spouse
Metope,Asopus,spouse
Teledice,Phoroneus,spouse
Astris,Hydaspes,spouse
Orphne,Acheron,spouse
Melia,Inachus,spouse
Idaea,Scamander,spouse
Creusa,Peneus,spouse
Argeia,Inachus,spouse
Polemos,Hybris,spouse
Nomos,Eusebia,spouse
Doris,Nereus,spouse
Phorcys,Ceto,spouse
Electra,Thaumas,spouse
Boreas,Orithyia,spouse
Tethys,Oceanus,spouse
Oceanus,Tethys,spouse
Kreios,Eurybia,spouse
Metis,Zeus,spouse
Prometheus,Klymene,spouse
Iapetos,Klymene,spouse
Briareus,Cymopoleia,spouse
Zephyrus,Chloris,spouse
Scamander,Idaea,spouse
Adranus,Thalia,spouse
Phoroneus,Teledice,spouse
Helios,Ceto,spouse
Poseidon,Euryte,spouse
Phoroneus,Laodice,spouse
Atlas,Aethra,spouse
Poseidon,Corcyra,spouse
Prometheus,Celaeno,spouse
Heracles,Hebe,spouse
Rhodos,Helios,spouse
Corcyra,Poseidon,spouse
Inachus,Melia,spouse
Acheron,Orphne,spouse
Hydaspes,Astris,spouse
Euryte,Poseidon,spouse
Ceto,Helios,spouse
Aegle,Helios,spouse
Themis,Zeus,spouse
Ceroessa,Poseidon,spouse
Zephyrus,Iris,spouse
Typhon,Echidna,spouse
Aether,Hemera,spouse
Eusebia,Nomos,spouse
Thalia,Adranus,spouse
Hyperion,Basileia,spouse
Astraeus,Eos,spouse
Daeira,Hermes,spouse
Theia,Hyperion,spouse
Phoebe,Coeus,spouse
Coeus,Phoebe,spouse
Rhea,Cronus,spouse
Styx,Pallas,spouse
Klymene,Prometheus,spouse
Pronoia,Prometheus,spouse
Cronus,Rhea,spouse
Pleione,Atlas,spouse
Hebe,Heracles,spouse
Hyperion,Theia,spouse
Eurybia,Kreios,spouse
Perses,Asteria,spouse
Klymene,Iapetos,spouse
Asopis,Iapetos,spouse
Zeus,Themis,spouse
Asteria,Perses,spouse
Celaeno,Prometheus,spouse
Aethra,Atlas,spouse
Eos,Astraeus,spouse
